Title,Article
"Deccan Herald brings Latest News, Breaking News, Live News, India News, World News on Politics, Election, Sports, Bollywood, Hollywood, Business with all analysis & reports","National

BJP, RSS behind murderous attack on Rahul: Cong Published on 05-Aug-2017 The Congress today accused the BJP and the RSS of being behind what it described as a ""murderous attack""...

Trump to get rakhis from women of a remote Haryana village Published on 05-Aug-2017 He may have not heard of Rakhi, but the women and girls of a remote Muslim-dominated village...

Nagaland CM seeks disqualification of ten NPF MLAs Published on 05-Aug-2017 Nagaland Chief Minister T R Zeliang has filed a composite disqualification petition to the state Assembly...

Four Spanish tourists among five killed in AP accident Published on 05-Aug-2017 Five persons including four Spanish nationals were killed and six others injured when their van was...

Dialogue is the only way to resolve conflicts: PM Published on 05-Aug-2017 Dialogue is the only way to cut through deep-rooted religious stereotypes and prejudices...

3 injured in firing allegedly by Army personnel in J-K Published on 05-Aug-2017 Three persons were today injured when Army personnel allegedly opened fire...

Modi, Naidu, Sonia early voters in VP election Published on 05-Aug-2017 NDA nominee Venkaiah Naidu was among the early lot of MPs who cast their vote to elect...

BJP, RSS behind murderous attack on Rahul: Cong Published on 05-Aug-2017 The Congress today accused the BJP and the RSS of being behind what it described as a ""murderous attack"" on Rahul Gandhi...

90.83 per cent voting till 1 pm in vice presidential election Published on 05-Aug-2017 More than 90 per cent votes in the vice presidential election had been cast by 1 pm..."
"Deccan Herald brings Latest News, Breaking News, Live News, India News, World News on Politics, Election, Sports, Bollywood, Hollywood, Business with all analysis & reports","News

Hoteliers give solid waste mgmt programme a miss Published on 20-Mar-2015 The programme organised by the Pollution Control Board to discuss about solid waste management, in Mandya city, evoked a lukewarm...

Railway reservations to be overhauled through e-ticketing Published on 08-Jul-2014 The Indian Railways' reservation system will be overhauled through e-ticketing systems, Railway Minister Sadanand Gowda said Tuesday, presenting the railway budget for 2014-15 in parliament....

Industrial production remains negative, dips 0.5% in March Published on 12-May-2014 Showing no signs of recovery, factory production remained in negative territory for the second month in a row, contracting 0.5 per cent in March due...

RBI stops banks from extending ECBs for repaying rupee loans Published on 22-Apr-2014 The Reserve Bank of India on Tuesday disallowed overseas branches of domestic banks from extending external commercial borrowings (ECBs)...

Three accused in Shakti Mills gang rape get death Published on 04-Apr-2014 A court here Friday sentenced three people to death for gang raping a photo-journalist in a repeat offence in the Shakti Mills complex here last...

Strike cripples banking operations in India Published on 20-Feb-2013 Banking transactions across India were paralysed Wednesday with around one million bankers striking work, affecting the clearance of around four million cheques...

Join Deccan Herald on YouTube Published on 24-Jul-2012 Deccan HeraldÂ’s multi-media team has begun to produce videos on many interesting topics. These videos capture different slices of city life- from an encounter...

New judges made to wait for Mamata's signature to take oath Published on 09-Apr-2012 The swearing-in ceremony of seven new judges of the Calcutta High Court had to be deferred by several hours Monday as West Bengal Chief Minister...

Tens of thousands challenge Putin in new Russia protest Published on 24-Dec-2011 Tens of thousands of people today filled an avenue in Moscow to protest against the alleged rigging of parliamentary polls, in a new challenge to..."
